[
  {
    "Nombre": "Spain",
    "Nombre_es": "España",
    "Nombre_de": "Spanien",
    "Capital": "Madrid",
    "Población": 47351567
  },
  {
    "Nombre": "Germany",
    "Nombre_es": "Alemania",
    "Nombre_de": "Deutschland",
    "Capital": "Berlin",
    "Población": 83240525
  },
  {
    "Nombre": "France",
    "Nombre_es": "Francia",
    "Nombre_de": "Frankreich",
    "Capital": "Paris",
    "Población": 68042591
  },
  {
    "Nombre": "Italy",
    "Nombre_es": "Italia",
    "Nombre_de": "Italien",
    "Capital": "Rome",
    "Población": 58853482
  },
  {
    "Nombre": "Portugal",
    "Nombre_es": "Portugal",
    "Nombre_de": "Portugal",
    "Capital": "Lisbon",
    "Población": 10305564
  },
  {
    "Nombre": "Netherlands",
    "Nombre_es": "Países Bajos",
    "Nombre_de": "Niederlande",
    "Capital": "Amsterdam",
    "Población": 17533405
  },
  {
    "Nombre": "Belgium",
    "Nombre_es": "Bélgica",
    "Nombre_de": "Belgien",
    "Capital": "Brussels",
    "Población": 11668278
  },
  {
    "Nombre": "Austria",
    "Nombre_es": "Austria",
    "Nombre_de": "Österreich",
    "Capital": "Vienna",
    "Población": 9043072
  },
  {
    "Nombre": "Switzerland",
    "Nombre_es": "Suiza",
    "Nombre_de": "Schweiz",
    "Capital": "Bern",
    "Población": 8740000
  },
  {
    "Nombre": "Poland",
    "Nombre_es": "Polonia",
    "Nombre_de": "Polen",
    "Capital": "Warsaw",
    "Población": 37950802
  },
  {
    "Nombre": "Sweden",
    "Nombre_es": "Suecia",
    "Nombre_de": "Schweden",
    "Capital": "Stockholm",
    "Población": 10549347
  }
]