<paises>
  <pais>
    <Nombre>Spain</Nombre>
    <Nombre_es>España</Nombre_es>
    <Nombre_de>Spanien</Nombre_de>
    <Capital>Madrid</Capital>
    <Población>47351567</Población>
    </pais>
  <pais>
    <Nombre>Germany</Nombre>
    <Nombre_es>Alemania</Nombre_es>
    <Nombre_de>Deutschland</Nombre_de>
    <Capital>Berlin</Capital>
    <Población>83240525</Población>
    </pais>
  <pais>
    <Nombre>France</Nombre>
    <Nombre_es>Francia</Nombre_es>
    <Nombre_de>Frankreich</Nombre_de>
    <Capital>Paris</Capital>
    <Población>68042591</Población>
    </pais>
  <pais>
    <Nombre>Italy</Nombre>
    <Nombre_es>Italia</Nombre_es>
    <Nombre_de>Italien</Nombre_de>
    <Capital>Rome</Capital>
    <Población>58853482</Población>
    </pais>
  <pais>
    <Nombre>Portugal</Nombre>
    <Nombre_es>Portugal</Nombre_es>
    <Nombre_de>Portugal</Nombre_de>
    <Capital>Lisbon</Capital>
    <Población>10305564</Población>
    </pais>
  <pais>
    <Nombre>Netherlands</Nombre>
    <Nombre_es>Países Bajos</Nombre_es>
    <Nombre_de>Niederlande</Nombre_de>
    <Capital>Amsterdam</Capital>
    <Población>17533405</Población>
    </pais>
  <pais>
    <Nombre>Belgium</Nombre>
    <Nombre_es>Bélgica</Nombre_es>
    <Nombre_de>Belgien</Nombre_de>
    <Capital>Brussels</Capital>
    <Población>11668278</Población>
    </pais>
  <pais>
    <Nombre>Austria</Nombre>
    <Nombre_es>Austria</Nombre_es>
    <Nombre_de>Österreich</Nombre_de>
    <Capital>Vienna</Capital>
    <Población>9043072</Población>
    </pais>
  <pais>
    <Nombre>Switzerland</Nombre>
    <Nombre_es>Suiza</Nombre_es>
    <Nombre_de>Schweiz</Nombre_de>
    <Capital>Bern</Capital>
    <Población>8740000</Población>
    </pais>
  <pais>
    <Nombre>Poland</Nombre>
    <Nombre_es>Polonia</Nombre_es>
    <Nombre_de>Polen</Nombre_de>
    <Capital>Warsaw</Capital>
    <Población>37950802</Población>
    </pais>
  <pais>
    <Nombre>Sweden</Nombre>
    <Nombre_es>Suecia</Nombre_es>
    <Nombre_de>Schweden</Nombre_de>
    <Capital>Stockholm</Capital>
    <Población>10549347</Población>
    </pais>
  </paises>
