address.city,address.geo.lat,address.geo.lng,address.street,address.suite,address.zipcode,company.bs,company.catchPhrase,company.name,email,id,name,phone,username,website
Gwenborough,-37.3159,81.1496,Kulas Light,Apt. 556,92998-3874,harness real-time e-markets,Multi-layered client-server neural-net,Romaguera-Crona,Sincere@april.biz,1,Leanne Graham,1-770-736-8031 x56442,Bret,hildegard.org
Wisokyburgh,-43.9509,-34.4618,Victor Plains,Suite 879,90566-7771,synergize scalable supply-chains,Proactive didactic contingency,Deckow-Crist,Shanna@melissa.tv,2,Ervin Howell,010-692-6593 x09125,Antonette,anastasia.net
McKenziehaven,-68.6102,-47.0653,Douglas Extension,Suite 847,59590-4157,e-enable strategic applications,Face to face bifurcated interface,Romaguera-Jacobson,Nathan@yesenia.net,3,Clementine Bauch,1-463-123-4447,Samantha,ramiro.info
South Elvis,29.4572,-164.2990,Hoeger Mall,Apt. 692,53919-4257,transition cutting-edge web services,Multi-tiered zero tolerance productivity,Robel-Corkery,Julianne.OConner@kory.org,4,Patricia Lebsack,493-170-9623 x156,Karianne,kale.biz
Roscoeview,-31.8129,62.5342,Skiles Walks,Suite 351,33263,revolutionize end-to-end systems,User-centric fault-tolerant solution,Keebler LLC,Lucio_Hettinger@annie.ca,5,Chelsey Dietrich,(254)954-1289,Kamren,demarco.info
South Christy,-71.4197,71.7478,Norberto Crossing,Apt. 950,23505-1337,e-enable innovative applications,Synchronised bottom-line interface,Considine-Lockman,Karley_Dach@jasper.info,6,Mrs. Dennis Schulist,1-477-935-8478 x6430,Leopoldo_Corkery,ola.org
Howemouth,24.8918,21.8984,Rex Trail,Suite 280,58804-1099,generate enterprise e-tailers,Configurable multimedia task-force,Johns Group,Telly.Hoeger@billy.biz,7,Kurtis Weissnat,210.067.6132,Elwyn.Skiles,elvis.io
Aliyaview,-14.3990,-120.7677,Ellsworth Summit,Suite 729,45169,e-enable extensible e-tailers,Implemented secondary concept,Abernathy Group,Sherwood@rosamond.me,8,Nicholas Runolfsdottir V,586.493.6943 x140,Maxime_Nienow,jacynthe.com
Bartholomebury,24.6463,-168.8889,Dayna Park,Suite 449,76495-3109,aggregate real-time technologies,Switchable contextually-based project,Yost and Sons,Chaim_McDermott@dana.io,9,Glenna Reichert,(775)976-6794 x41206,Delphine,conrad.com
Lebsackbury,-38.2386,57.2232,Kattie Turnpike,Suite 198,31428-2261,target end-to-end models,Centralized empowering task-force,Hoeger LLC,Rey.Padberg@karina.biz,10,Clementina DuBuque,024-648-3804,Moriah.Stanton,ambrose.net
