[
  {
    "receptor_id": 44,
    "agencia": "",
    "dias_promedio": "42.0000000000000000",
    "procesos_cerrados": 1
  },
  {
    "receptor_id": 3,
    "agencia": null,
    "dias_promedio": "158.4628712871287129",
    "procesos_cerrados": 404
  },
  {
    "receptor_id": 2,
    "agencia": "Bank account: Fortis Bank, Swift: GEBABEBB - address:\nGemeenteplein 20, B-3010 Kessel-Lo; \nCollections account: IBAN BE29 2300 3852 3164, \nOther matters account: IBAN BE29 2300 3826 6217",
    "dias_promedio": "178.3831775700934579",
    "procesos_cerrados": 1498
  },
  {
    "receptor_id": 18,
    "agencia": "Bank account: Postbank Hannover, Goseriede 16, D-30159\nHannover, Germany - Account (IBAN) no.: DE 79 2501 0030\n0476 1513 05 - BIC (former SWIFT): PBNKDEFF250",
    "dias_promedio": "261.1705756929637527",
    "procesos_cerrados": 469
  }
]