[
  {
    "pais_deudor": "Emiratos Árabes Unidos",
    "dias_promedio": "914.0000000000000000"
  },
  {
    "pais_deudor": "El Salvador",
    "dias_promedio": "753.0000000000000000"
  },
  {
    "pais_deudor": "Chile",
    "dias_promedio": "736.0000000000000000"
  },
  {
    "pais_deudor": "Líbano",
    "dias_promedio": "696.0000000000000000"
  },
  {
    "pais_deudor": "Jamaica",
    "dias_promedio": "506.0000000000000000"
  },
  {
    "pais_deudor": "Austria",
    "dias_promedio": "478.5833333333333333"
  },
  {
    "pais_deudor": "México",
    "dias_promedio": "473.0000000000000000"
  },
  {
    "pais_deudor": "Francia",
    "dias_promedio": "456.2658227848101266"
  },
  {
    "pais_deudor": "España",
    "dias_promedio": "374.6250000000000000"
  },
  {
    "pais_deudor": "Moldova, República de",
    "dias_promedio": "364.0000000000000000"
  },
  {
    "pais_deudor": "Holanda",
    "dias_promedio": "346.2156862745098039"
  },
  {
    "pais_deudor": "Estados Unidos",
    "dias_promedio": "326.6470588235294118"
  },
  {
    "pais_deudor": "Corea, República de",
    "dias_promedio": "324.0000000000000000"
  },
  {
    "pais_deudor": "Chipre",
    "dias_promedio": "318.0000000000000000"
  },
  {
    "pais_deudor": "India",
    "dias_promedio": "298.5000000000000000"
  },
  {
    "pais_deudor": "Reino Unido",
    "dias_promedio": "292.1481481481481481"
  },
  {
    "pais_deudor": "Suiza",
    "dias_promedio": "288.7500000000000000"
  },
  {
    "pais_deudor": "Brasil",
    "dias_promedio": "285.0000000000000000"
  },
  {
    "pais_deudor": "Noruega",
    "dias_promedio": "279.8750000000000000"
  },
  {
    "pais_deudor": "Grecia",
    "dias_promedio": "278.7000000000000000"
  },
  {
    "pais_deudor": "Polonia",
    "dias_promedio": "278.1666666666666667"
  },
  {
    "pais_deudor": "Italia",
    "dias_promedio": "276.0400000000000000"
  },
  {
    "pais_deudor": "Perú",
    "dias_promedio": "274.0000000000000000"
  },
  {
    "pais_deudor": "Irlanda",
    "dias_promedio": "257.7777777777777778"
  },
  {
    "pais_deudor": "Venezuela",
    "dias_promedio": "254.2000000000000000"
  },
  {
    "pais_deudor": "Alemania",
    "dias_promedio": "242.8930481283422460"
  },
  {
    "pais_deudor": "Estonia",
    "dias_promedio": "238.0000000000000000"
  },
  {
    "pais_deudor": "Finlandia",
    "dias_promedio": "234.5833333333333333"
  },
  {
    "pais_deudor": "Luxemburgo",
    "dias_promedio": "228.6923076923076923"
  },
  {
    "pais_deudor": "Suecia",
    "dias_promedio": "219.0000000000000000"
  },
  {
    "pais_deudor": "Dinamarca",
    "dias_promedio": "205.8333333333333333"
  },
  {
    "pais_deudor": "Bahamas",
    "dias_promedio": "186.0000000000000000"
  },
  {
    "pais_deudor": "Canadá",
    "dias_promedio": "175.8333333333333333"
  },
  {
    "pais_deudor": "Trinidad y Tobago",
    "dias_promedio": "164.2000000000000000"
  },
  {
    "pais_deudor": "Rumania",
    "dias_promedio": "164.0000000000000000"
  },
  {
    "pais_deudor": "Colombia",
    "dias_promedio": "153.0268817204301075"
  },
  {
    "pais_deudor": "Guatemala",
    "dias_promedio": "150.0000000000000000"
  },
  {
    "pais_deudor": "Checa, República",
    "dias_promedio": "139.5000000000000000"
  },
  {
    "pais_deudor": "Portugal",
    "dias_promedio": "138.6666666666666667"
  },
  {
    "pais_deudor": "Bélgica",
    "dias_promedio": "137.3145025295109612"
  },
  {
    "pais_deudor": "Israel",
    "dias_promedio": "137.0000000000000000"
  },
  {
    "pais_deudor": "Panamá",
    "dias_promedio": "133.3333333333333333"
  },
  {
    "pais_deudor": "Hungría",
    "dias_promedio": "99.3333333333333333"
  },
  {
    "pais_deudor": "Rusa, Federación",
    "dias_promedio": "96.0000000000000000"
  },
  {
    "pais_deudor": "Islandia",
    "dias_promedio": "96.0000000000000000"
  },
  {
    "pais_deudor": "Algeria",
    "dias_promedio": "95.0000000000000000"
  },
  {
    "pais_deudor": "Latvia",
    "dias_promedio": "91.0000000000000000"
  },
  {
    "pais_deudor": "Turquía",
    "dias_promedio": "62.5000000000000000"
  },
  {
    "pais_deudor": "Ecuador",
    "dias_promedio": "61.0000000000000000"
  },
  {
    "pais_deudor": "Sur Africa",
    "dias_promedio": "58.0000000000000000"
  },
  {
    "pais_deudor": "Tunisia",
    "dias_promedio": "57.0000000000000000"
  },
  {
    "pais_deudor": "Eslovakia",
    "dias_promedio": "51.0000000000000000"
  },
  {
    "pais_deudor": "Malta",
    "dias_promedio": "32.5000000000000000"
  },
  {
    "pais_deudor": "Lituania",
    "dias_promedio": "32.0000000000000000"
  },
  {
    "pais_deudor": "Uruguay",
    "dias_promedio": "30.0000000000000000"
  },
  {
    "pais_deudor": "Hong Kong",
    "dias_promedio": "25.0000000000000000"
  },
  {
    "pais_deudor": "República Dominicana",
    "dias_promedio": "9.0000000000000000"
  }
]