Nombre,Nombre_es,Nombre_de,Capital,Población
Spain,España,Spanien,Madrid,47351567
Germany,Alemania,Deutschland,Berlin,83240525
France,Francia,Frankreich,Paris,68042591
Italy,Italia,Italien,Rome,58853482
Portugal,Portugal,Portugal,Lisbon,10305564
Netherlands,Países Bajos,Niederlande,Amsterdam,17533405
Belgium,Bélgica,Belgien,Brussels,11668278
Austria,Austria,Österreich,Vienna,9043072
Switzerland,Suiza,Schweiz,Bern,8740000
Poland,Polonia,Polen,Warsaw,37950802
Sweden,Suecia,Schweden,Stockholm,10549347
